{
  "alphabet": "ACGT",
  "assertion": {
    "all_read_lengths_equal_reference_length": true,
    "total_inserted_bases_equals_total_deleted_bases_per_pair": true
  },
  "bucket_detail": {
    "0": {
      "mean_deletion_gap_length": 0,
      "mean_dp_levenshtein_distance": 0.0,
      "mean_gotoh_affine_score": 0.0,
      "mean_insertion_gap_length": 0,
      "mean_num_deleted_bases": 0.0,
      "mean_num_inserted_bases": 0.0,
      "mean_num_substitutions": 0.0,
      "mean_simulated_affine_score": 0.0,
      "pair_count": 488
    },
    "10": {
      "mean_deletion_gap_length": 1.6711229946524064,
      "mean_dp_levenshtein_distance": 3.887295081967213,
      "mean_gotoh_affine_score": 9.614754098360656,
      "mean_insertion_gap_length": 1.6711229946524064,
      "mean_num_deleted_bases": 1.2807377049180328,
      "mean_num_inserted_bases": 1.2807377049180328,
      "mean_num_substitutions": 1.4200819672131149,
      "mean_simulated_affine_score": 10.0,
      "pair_count": 488
    },
    "12": {
      "mean_deletion_gap_length": 2.123684210526316,
      "mean_dp_levenshtein_distance": 5.206967213114754,
      "mean_gotoh_affine_score": 11.71311475409836,
      "mean_insertion_gap_length": 2.123684210526316,
      "mean_num_deleted_bases": 1.653688524590164,
      "mean_num_inserted_bases": 1.653688524590164,
      "mean_num_substitutions": 2.0102459016393444,
      "mean_simulated_affine_score": 12.0,
      "pair_count": 488
    },
    "14": {
      "mean_deletion_gap_length": 2.425196850393701,
      "mean_dp_levenshtein_distance": 6.344262295081967,
      "mean_gotoh_affine_score": 13.475409836065573,
      "mean_insertion_gap_length": 2.425196850393701,
      "mean_num_deleted_bases": 1.8934426229508197,
      "mean_num_inserted_bases": 1.8934426229508197,
      "mean_num_substitutions": 2.764344262295082,
      "mean_simulated_affine_score": 14.0,
      "pair_count": 488
    },
    "16": {
      "mean_deletion_gap_length": 2.1772151898734178,
      "mean_dp_levenshtein_distance": 6.936475409836065,
      "mean_gotoh_affine_score": 15.381147540983607,
      "mean_insertion_gap_length": 2.1772151898734178,
      "mean_num_deleted_bases": 2.1147540983606556,
      "mean_num_inserted_bases": 2.1147540983606556,
      "mean_num_substitutions": 2.971311475409836,
      "mean_simulated_affine_score": 16.0,
      "pair_count": 488
    },
    "18": {
      "mean_deletion_gap_length": 2.4245283018867925,
      "mean_dp_levenshtein_distance": 8.030737704918034,
      "mean_gotoh_affine_score": 17.331967213114755,
      "mean_insertion_gap_length": 2.4245283018867925,
      "mean_num_deleted_bases": 2.6331967213114753,
      "mean_num_inserted_bases": 2.6331967213114753,
      "mean_num_substitutions": 3.1086065573770494,
      "mean_simulated_affine_score": 18.0,
      "pair_count": 488
    },
    "2": {
      "mean_deletion_gap_length": 0,
      "mean_dp_levenshtein_distance": 1.0,
      "mean_gotoh_affine_score": 2.0,
      "mean_insertion_gap_length": 0,
      "mean_num_deleted_bases": 0.0,
      "mean_num_inserted_bases": 0.0,
      "mean_num_substitutions": 1.0,
      "mean_simulated_affine_score": 2.0,
      "pair_count": 488
    },
    "20": {
      "mean_deletion_gap_length": 2.3398576512455516,
      "mean_dp_levenshtein_distance": 8.801229508196721,
      "mean_gotoh_affine_score": 19.264344262295083,
      "mean_insertion_gap_length": 2.3398576512455516,
      "mean_num_deleted_bases": 2.694672131147541,
      "mean_num_inserted_bases": 2.694672131147541,
      "mean_num_substitutions": 3.8504098360655736,
      "mean_simulated_affine_score": 20.0,
      "pair_count": 488
    },
    "22": {
      "mean_deletion_gap_length": 2.481658692185008,
      "mean_dp_levenshtein_distance": 9.885245901639344,
      "mean_gotoh_affine_score": 21.06967213114754,
      "mean_insertion_gap_length": 2.481658692185008,
      "mean_num_deleted_bases": 3.1885245901639343,
      "mean_num_inserted_bases": 3.1885245901639343,
      "mean_num_substitutions": 3.956967213114754,
      "mean_simulated_affine_score": 22.0,
      "pair_count": 488
    },
    "24": {
      "mean_deletion_gap_length": 2.5648604269293926,
      "mean_dp_levenshtein_distance": 10.936475409836065,
      "mean_gotoh_affine_score": 23.192622950819672,
      "mean_insertion_gap_length": 2.5648604269293926,
      "mean_num_deleted_bases": 3.2008196721311477,
      "mean_num_inserted_bases": 3.2008196721311477,
      "mean_num_substitutions": 5.055327868852459,
      "mean_simulated_affine_score": 24.0,
      "pair_count": 488
    },
    "26": {
      "mean_deletion_gap_length": 2.4837758112094397,
      "mean_dp_levenshtein_distance": 11.698770491803279,
      "mean_gotoh_affine_score": 25.067622950819672,
      "mean_insertion_gap_length": 2.4837758112094397,
      "mean_num_deleted_bases": 3.4508196721311477,
      "mean_num_inserted_bases": 3.4508196721311477,
      "mean_num_substitutions": 5.381147540983607,
      "mean_simulated_affine_score": 26.0,
      "pair_count": 488
    },
    "28": {
      "mean_deletion_gap_length": 2.6246684350132625,
      "mean_dp_levenshtein_distance": 12.651639344262295,
      "mean_gotoh_affine_score": 26.74795081967213,
      "mean_insertion_gap_length": 2.6246684350132625,
      "mean_num_deleted_bases": 4.055327868852459,
      "mean_num_inserted_bases": 4.055327868852459,
      "mean_num_substitutions": 5.309426229508197,
      "mean_simulated_affine_score": 28.0,
      "pair_count": 488
    },
    "30": {
      "mean_deletion_gap_length": 2.652,
      "mean_dp_levenshtein_distance": 13.64139344262295,
      "mean_gotoh_affine_score": 28.668032786885245,
      "mean_insertion_gap_length": 2.652,
      "mean_num_deleted_bases": 4.075819672131147,
      "mean_num_inserted_bases": 4.075819672131147,
      "mean_num_substitutions": 6.313524590163935,
      "mean_simulated_affine_score": 30.0,
      "pair_count": 488
    },
    "32": {
      "mean_deletion_gap_length": 2.6658767772511847,
      "mean_dp_levenshtein_distance": 14.430327868852459,
      "mean_gotoh_affine_score": 30.46311475409836,
      "mean_insertion_gap_length": 2.6658767772511847,
      "mean_num_deleted_bases": 4.610655737704918,
      "mean_num_inserted_bases": 4.610655737704918,
      "mean_num_substitutions": 6.200819672131147,
      "mean_simulated_affine_score": 32.0,
      "pair_count": 488
    },
    "34": {
      "mean_deletion_gap_length": 2.8697318007662833,
      "mean_dp_levenshtein_distance": 15.616803278688524,
      "mean_gotoh_affine_score": 32.31967213114754,
      "mean_insertion_gap_length": 2.8697318007662833,
      "mean_num_deleted_bases": 4.604508196721311,
      "mean_num_inserted_bases": 4.604508196721311,
      "mean_num_substitutions": 7.581967213114754,
      "mean_simulated_affine_score": 34.0,
      "pair_count": 488
    },
    "36": {
      "mean_deletion_gap_length": 2.905275779376499,
      "mean_dp_levenshtein_distance": 16.529774127310063,
      "mean_gotoh_affine_score": 34.20123203285421,
      "mean_insertion_gap_length": 2.905275779376499,
      "mean_num_deleted_bases": 4.975359342915811,
      "mean_num_inserted_bases": 4.975359342915811,
      "mean_num_substitutions": 7.887063655030801,
      "mean_simulated_affine_score": 36.0,
      "pair_count": 487
    },
    "38": {
      "mean_deletion_gap_length": 2.8016241299303943,
      "mean_dp_levenshtein_distance": 17.33127572016461,
      "mean_gotoh_affine_score": 36.047325102880656,
      "mean_insertion_gap_length": 2.8016241299303943,
      "mean_num_deleted_bases": 4.969135802469136,
      "mean_num_inserted_bases": 4.969135802469136,
      "mean_num_substitutions": 8.709876543209877,
      "mean_simulated_affine_score": 38.0,
      "pair_count": 486
    },
    "4": {
      "mean_deletion_gap_length": 0,
      "mean_dp_levenshtein_distance": 2.0,
      "mean_gotoh_affine_score": 4.0,
      "mean_insertion_gap_length": 0,
      "mean_num_deleted_bases": 0.0,